Investigador,Titulo Trabajo,Proyecto/tesis/Resumen,Cuanti/Cuali,Politica,Año
Guerrero Azul.,"Estudio comparativo sobre el perfeccionismo desadaptativo en deportistas de competición de la ciudad de Posadas, Misiones",Tesis,Cualitativo,Curso de vida,2024
Luciana Magri.,"La comunicación humana intercultural entre el personal de salud y los agentes sanitarios de la
salud indígena hacia madres de la comunidad Mbyá guaraní en el Hospital Materno Neonatal. Argentina, Posadas, Misiones",Tesis,Cualitativo,Curso de vida,2024
Luis Seicht.,Hipocolesterolemia y su asociación con el desarrollo de sepsis y shock séptico en pacientes críticos que ingresan a la unidad de Terapia Intensiva,Proyecto,Cuantitativo,ECNT,2024
Lucas Nahuel Dorsch.,Herramientas de Análisis del Movimiento Humano como método predictivo de riesgo de lesión de ligamento cruzado anterior,Proyecto,Cuantitativo,Curso de vida,2024
Maffini Emiliana Regina.,"Análisis de las solicitudes de Troponina I de Alta Sensibilidad en el Laboratorio de Análisis
Clínicos del Instituto de Previsión Social Misiones durante la pandemia y post pandemia (2020-2022).",Tesis,Cuantitativo,ECNT,2024
Residencia de Cirugía Plástica.,"INCIDENCIA - PREVALENCIA DE QUEMADOS EN LA PROVINCIA DE MISIONES
PERIODO 2021-2024 Y DISEÑO DE PROGRAMAS DE PREVENCION",Resumen,Cuantitativo,ECNT,2024
"Arce Jansat, Dámaris Nahir.","ESTILOS DE APEGO: SU RELACIÓN CON EL PROCESO DE DIFERENCIACIÓN DEL
SELF Y LA CALIDAD DE LAS RELACIONES INTERPERSONALES DE ADULTOS ADOPTADOS EN LA PROVINCIA DE MISIONES.",Tesis,Cualitativo,ECNT,2024
Residencia de Anatomía Patológica,"ANALISIS HISTOPATOLÓGICO DE HISTERECTOMÍAS REMITIDAS AL
SERVICIO DE ANATOMÍA PATOLÓGICA DEL HOSPITAL ESCUELA DE AGUDOS DR
RAMÓN MADARIAGA (HEADRM) EN EL PERÍODO 2017 – 2023.",Resumen,Cuantitativo,ECNT,2024
"Bustamante, Belén Jazmín.",Estrategias metacognitivas y motivación académica de estudiantes universitarios avanzados de la ciudad de Posadas.,Tesis,Cualitativo,Curso de vida,2024
"Liedtke, Hary Emanuel.","Procrastinación Académica y su relación con las Estrategias de Afrontamiento en estudiantes universitarios de la ciudad de Posadas, Misiones.",Tesis,Cualitativo,Políticas y Servicios,2024
Roulet Ignacio.,"INFLUENCIA DE LA FUERZA EXPLOSIVA DE LOS MIEMBROS INFERIORES, LA
VELOCIDAD Y LA AGILIDAD EN EL RENDIMIENTO DEPORTIVO DE LOS EQUIPOS DE BÁSQUET DE POSADAS MISIONES",Tesis,Cuantitativo,Curso de vida,2024
Panozzo Gianfranco.,"Actividad física y barreras para la práctica en los estudiantes de la Facultad de Ciencias de la Salud en la Universidad Católica de las Misiones, 2024",Tesis,Cualitativo,Curso de vida,2024
Residencia de Clínica Médica,"Comparación de la incidencia de Bacteriemias por Bacilos Gram Negativos productoras de
carbapenemasas en pacientes adultos que cursaron internación en el Hospital Escuela de Agudos
Dr Ramón Madariaga, en los períodos comprendidos entre 2020-2021 Vs 2022-2023.",Resumen,Cuantitativo,Enfermedades transmisibles,2024
Flores Silvia Alicia.,PERFIL DEL ESTUDIANTE DEL CICLO BÁSICO DE LA FCEQyN-UNaM: UNA MIRADA DESDE LA ASIGNATURA BIOLOGÍA.,Proyecto,Cualitativo,Curso de vida,2024
Ortellado Florencia Denis.,"MUJERES EMBARAZADAS EN SITUACIÓN DE POBREZA MULTIDIMENSIONAL EN
UN ASENTAMIENTO PERIFÉRICO DE ITAEMBÉ MINÍ- ESTE DE POSADAS MISIONES,
EN EL AÑO 2024: ESTUDIO DE CASOS CON ABORDAJE CUALITATIVO.",Tesis,Cualitativo,Curso de vida,2024
Residencia de Bioquímica Clínica,"ENTEROBACTERIAS PRODUCTORAS DE CARBAPENEMASAS EN HISOPADOS
RECTALES DE PACIENTES DEL SERVICIO DE TRASPLANTE AUTÓLOGO DE MÉDULA
ÓSEA DEL HOSPITAL MADARIAGA DE POSADAS MISIONES ENTRE 2019 Y 2023.",Resumen,Cuantitativo,Enfermedades transmisibles,2024
Ramón Eduardo Almeida.,"Factores individuales, que influyen en el cumplimiento del calendario de inmunizaciones de la
población adulta, en un centro de atención primaria de la salud, Posadas, Misiones. 2023.",Tesis,Cualitativo,Organización del Sistema Sanitario,2024
Residencia de Medicina General,Evaluación del Conocimiento de la Población Adulta sobre el Dengue.,Resumen,Cuantitativo,Enfermedades transmisibles,2024
Barrios Marcela Ariana.,"Lactancia Materna desde la perspectiva de las adolescentes puérperas de 18 a 19 años, asistidas en el Hospital Materno Neonatal de Posadas, Misiones",Tesis,Cualitativo,Curso de vida,2024
Juan Gustavo Marin.,Prevalencia del consumo de sustancias psicoactivas en embarazadas atendidas en el Hospital Materno Neonatal de la ciudad de Posadas,Tesis Maestria,Cuantitativo,Curso de vida,2024
Florencia Belén Aguirre,"""CONOCIMIENTO QUE POSEEN LOS USUARIOS SOBRE EL TRIAGE DEL SERVICIO DE EMERGENCIA DE UN HOSPITAL PÚBLICO DE POSADAS, MISIONES AÑO 2023""",Tesis,Cualitativo,Políticas y Servicios,2024
GUSTAVO MENDEZ.,Estudio Dengue en Pacientes Internados EDPI.,Proyecto,Cuantitativo,Enfermedades transmisibles,2024
Agustina Ines Boxler.,"Experiencias de adolescentes usuarias del Hospital Materno Neonatal que
abandonaron el implante subdérmico antes de los tres años de su colocación, durante el año 2024.",Tesis,Cualitativo,Curso de vida,2024
HUGO SOLIS,"Adultos jóvenes con ataque cerebrovascular en Argentina:
Análisis de un registro multicéntrico (JACARANDA)""",Proyecto,Cuantitativo,ECNT,2024
Pereyra Juan Bautista.," CONOCIMIENTOS DE LOS PROFESIONALES DE ENFERMERÍA SOBRE LOS CUIDADOS DEL SUJETO DE ATENCIÓN CON ACCESO VENOSO PERIFÉRICO INTERNADOS EN UN HOSPITAL PÚBLICO DE LA CIUDAD DE POSADAS, MISIONES DEL AÑO 2022""",Tesis,Cualitativo,Políticas y Servicios,2024
jorge deschutter,"PREVALENCIA de ENTEROPARASITOS, ANEMIA FERROPENICA y FACTORES
ASOCIADOS en niños de ALDEAS GUARANIES del municipio de Campo Grande
(MISIONES)",Tesis,Cuantitativo,Políticas y Servicios,2024
Valeria González Cowes.,Procesos psico-socio-culturales y factores territoriales que inciden en la eficacia de las asesorías en salud sexual y reproductiva para adolescentes,Proyecto,Cualitativo,Curso de vida,2023
ACUÑA MIRIAM ELIZABETH,"APGAR BAJO Y SUS INDICADORES MATERNOS-PERINATALES EN
RECIÉN NACIDOS EN EL HOSPITAL MATERNO NEONATAL NIVEL
III DE LA CIUDAD DE POSADAS MISIONES EN EL AÑO 2022",Tesis,Cuantitativo,Curso de vida,2023
"Altamirano, Lara Ananquel"," ""Decisión vocacional-ocupacional en adolescentes con discapacidad visual de la ciudad de Posadas, Misiones""",Tesis,Cualitativo,Curso de vida,2023
Franco Yurrita,"Alteraciones posturales en empleados administrativos y
no docentes de la Universidad Católica de las Misiones",Tesis,Cualitativo,Curso de vida,2023
"MENDEZ, GUSTAVO ADOLFO","""Estudio Multicéntrico sobre el uso de ISAvuconazol para tratamiento y profilaxis de infecciones fúngicas invasoras en pacientes con neoplasias hematológicas y trasplantes de células progenitoras hematopoyéticas. (EMISA)""",Ensayo Clinico,Cuantitativo,Enfermedades transmisibles,2023
Diana Flores,"Autopercepción de estudiantes universitarias de la ciudad de Posadas, Misiones acerca de la construcción de la identidad personal y social a partir de los estereotipos de belleza y feminidad imperantes""",Tesis,Cualitativo,Curso de vida,2023
Mayra Rodriguez,"""VIOLENCIA EN LAS REDES SOCIALES Y COMPORTAMIENTOS DE CIBERCIUDADANÍA EN ESTUDIANTES UNIVERSITARIOS DE LA CIUDAD DE POSADAS, MISIONES"".",Tesis,Cualitativo,Curso de vida,2023
Agustin Centurion,"""Medidas de bioseguridad para prevenir accidentes laborales con elementos corto punzantes que aplican los profesionales de enfermería, de un área de internación, de un Hospital Público en la Ciudad de Posadas Misiones en el año 2023 """,Tesis,Cualitativo,Políticas y Servicios,2023
Goi Sabrina Gricel.,Celos en la relación de pareja y uso de las redes sociales en estudiantes de la Universidad Católica de las Misiones 2023.,Tesis,Cualitativo,Políticas y Servicios,2023
Argüelles Carina F.,"Población y mestizaje en Argentina: estructura geográfica de la ancestría
genética y su asociación con metadatos de interés biomédico",Proyecto,Cuantitativo,Curso de vida,2023
Agustin Correa,"""Evaluación del riesgo de Sarcopenia, consumo de Nutrientes Críticos y Estado Nutricional en pacientes adultos con Insuficiencia Renal Crónica""",Tesis,Cuantitativo,ECNT,2023
Trixia Aresti,"Medidas y dispositivos de seguridad y accesibilidad independiente para niños y
adolescentes de 2 a 18 años con discapacidad motora en el área de
rehabilitación motriz kinésica en el Instituto Médico de Especialistas y
Rehabilitación de la ciudad de Posadas Misiones Argentina en el periodo
2021-2022",Tesis Doctoral,Cuantitativo,Curso de vida,2023
UNIDAD DE TERAPIA INTENSIVA DEL HOSPITAL NIVEL III DE OBERA.,ESTUDIO ANUAL DE PREVALENCIA DE COLONIZACIÓN / INFECCIÓN POR MICROORGANISMOS MULTIRRESISTENTES EN UCI ADULTOS Y PEDIÁTRICAS DE ARGENTINA (PREV-AR) Y SU IMPACTO EN MORTALIDAD.,Proyecto,Cuantitativo,Enfermedades transmisibles,2023
Fernando Gonzalez,Protocolo UMBRELLA 2016 Registro de pacientes con Tumor de Wilms y otros tumores renales,Proyecto,Cuantitativo,ECNT,2023
Franciosi Valeria," ""REGISTRO NACIONAL DE SÍNDROMES CORONARIOS AGUDOS SIN ELEVACIÓN DEL SEGMENTO ST EN ARGENTINA (RENASCA.AR)""",Proyecto,Cuantitativo,ECNT,2023
Cristina Marisol Núñez.,"""Prevalencia de los trastornos deglutorios en los pacientes con ACV, cómo es su aceptación de la dieta de textura modificada, valor calórico proteico que esta proporciona y su adecuación en pacientes que se internan en el Hospital Escuela de Agudos Dr. Ramón Madariaga  """,Tesis,Cualitativo,ECNT,2023
"Darío Esteban, Trela.","""Percepciones de pacientes y profesionales sobre la evolución médica documentada en un portal personal de salud""",Tesis,Cualitativo,Políticas y Servicios,2023
Alvez Alejandra Judith.,"""Análisis de la competencia y conocimiento de Enfermeros en el proceso de transfusión de Hemoderivados: Estudio en la Unidad de Internación Nivel C del Hospital Ramón Madariaga (Enero 2023- Diciembre 2023)""   ",Tesis,Cualitativo,Políticas y Servicios,2023
"Alfonso, María Belén.","""Uso de antiinflamatorios no esteroideos durante el embarazo en pacientes del Hospital Materno Neonatal de Posadas, Misiones. Estudio preliminar""",Tesis,Cuantitativo,Curso de vida,2023
mariela maciel,""" Análisis de los cuidados que otorga enfermería a sujetos con enfermedad crónica avanzada año 2021 """,Tesis,Cuantitativo,,2023
Romina Paredes,"Análisis de las actividades de enfermería para el cuidado del neurodesarrollo
del recién nacido prematuro internado en la neonatología de un hospital público
de la ciudad de Posadas Misiones 2023",Tesis,Cuantitativo,Curso de vida,2023
Alejandra Sadaniowski,"Contribución del apoyo social percibido de los docentes en el
funcionamiento cognitivo y socioemocional de niños y niñas.",Tesis,Cualitativo,Curso de vida,2023
"
Paula Carolina Díaz","""Estudio de prevalencia de la lactancia materna en Puerto Iguazú, Misiones""",Proyecto,Cuantitativo,Curso de vida,2023
"SERVICIO DE DIAGNOSTICO POR IMÁGENES
SECTOR RESONANCIA MAGNETICA","APORTE DE LA RESONANCIA MAGNÉTICA EN LA
ESTADIFICACION LOCAL DEL CÁNCER DE CERVIX ",Resumen,Cuantitativo,ECNT,2023
"
Jorge Omar Duarte","Prevalencia de Resultados Negativos Asociados a la Medicación (RMN) en adultos mayores polimedicados, atendidos en Centros de Atención Primaria de la Salud, Posadas, Misiones.",Tesis Maestria,Cuantitativo,Políticas y Servicios,2023
Mariana Lorenzetti,Los efectos de la pandemia de COVID-19: estrategias comunitarias y derecho a la salud desde una perspectiva interseccional,Proyecto,Cuantitativo,Organización del Sistema Sanitario,2023
Alvez Judith Alejandra,"""Análisis de la competencia y conocimiento de Enfermeros en el proceso de transfusión de Hemoderivados: Estudio en la Unidad de Internación Nivel C del Hospital Ramón Madariaga (Enero 2023- Diciembre 2023)""   ",Tesis Maestria,Cuantitativo,Políticas y Servicios,2023
"Darío Esteban, Trela.","""Percepciones de pacientes y profesionales sobre la evolución médica documentada en un portal personal de salud""",Proyecto,Cualitativo,Políticas y Servicios,2023
"Silva, Franco Daniel",Bilingüismo y funciones ejecutivas en estudiantes de nivel superior en la ciudad de Posadas.,Tesis,Cualitativo,Políticas y Servicios,2023
"
Juan Marco Rodriguez","""Sentimiento de soledad y adicción a las redes sociales en jóvenes universitarios de la UCAMI""",Tesis,Cualitativo,Políticas y Servicios,2023
"
Juan Caceres","Probabilidad de sufrir pubalgia en relación a la fuerza del core y flexibilidad de los
aductores en los jugadores de fútbol de la categoría sub 18 del Club Atlético Posadas en
el año 2023.",Tesis,Cuantitativo,ECNT,2023
"
María Elina Totaro",DETECCIÓN Y TIPIFICACIÓN DE VIRUS PAPILOMA HUMANO (VPH) EN HOMBRES DE LA PROVINCIA DE MISIONES,Proyecto,Cuantitativo,Enfermedades transmisibles,2023
Correa Lia,Evaluación del cumplimiento de las medidas de bioseguridad aplicadas por el personal de quirófano de un hospital público de la provincia de Misiones mediante el uso de encuestas. Estudio descriptivo,Tesis Maestria,Cuantitativo,Políticas y Servicios,2023
Vilma Luisa Da Rosa.,"IMPACTO DE LA NUEVA MODALIDAD DE TRABAJO
PRODUCTO DEL COVID 19 EN LOS PROFESIONALES DE
ENFERMERÍA DEL SERVICIO DE EMERGENCIA",Proyecto,Cualitativo,Políticas y Servicios,2023
Otto Emiliano Yovani Damian,"Percepción de los cuidados paliativos y prácticas de afrontamiento de los sujetos de cuidado que asisten al consultorio externo del Hospital Escuela de Agudos Dr. Ramón Madariaga de la ciudad de Posadas, Misiones.",Tesis Maestria,Cualitativo,Políticas y Servicios,2023
Karina Salvatierra,"Explorando la diversidad del microbioma intestina humano en
América Latina: enfoque en la población en riesgo nutricional.",Proyecto,Cuantitativo,Enfermedades transmisibles,2023
maria florencia orlando,"Las prácticas alimentarias y los procesos de salud- enfermedad- atención y cuidado en
personas adultas con diabetes tipo 2, usuarias del sector público en la ciudad de Posadas,
Misiones-Argentina.",Proyecto,Cuantitativo,ECNT,2023
BENCHASKI ADRIANA VANESA,"Relación entre los conocimientos y las aplicaciones de las medidas para el
mantenimiento de los accesos venosos centrales en la Unidad de trasplante de
Médula ósea del Hospital Escuela de Agudos Dr Ramon Madariaga entre el
periodo de enero a diciembre de 2023.",Tesis Maestria,Cualitativo,Políticas y Servicios,2023
Andrea Analía Kucuk,Implicancias de los aspectos clínicos y de sobrevida global y libre de eventos en trasplantes autólogos de células progenitoras hematopoyéticas realizados en un hospital público de la provincia de Misiones. Años 2017- 2023,Tesis Maestria,Cuantitativo,ECNT,2023
"Sioli, Gastón Andrés.",EVALUACIÓN DE LA INTEGRIDAD GENÉTICA MEDIANTE EL USO DE LOS ENSAYOS DE MICRONÚCLEOS E INTERCAMBIO DE CROMÁTIDAS HERMANAS EN PERSONAL DE SALUD EXPUESTO LABORALMENTE A GENOTÓXICOS DEL HOSPITAL ESCUELA DE AGUDOS DE LA CIUDAD DE POSADAS,Proyecto,Cuantitativo,ECNT,2023
María Eugenia Cuevas Ibarra,"""Factores relacionados a la gestión que influyen en la atención de enfermería """,Tesis Maestria,Cualitativo,Políticas y Servicios,2023
Maidana Carmen Soledad,"Cuidados de enfermería  para disminuir el riesgo de
infección  asociado a cateterismo venoso central en
pacientes internados en la terapia intensiva de un
hospital público de la ciudad de Posadas, Misiones en
el año 2021.",Tesis,Cuantitativo,Enfermedades transmisibles,2023
Karina Salvatierra,"""REFEDIEIar (Red Federal para el Diagnóstico de Enfermedades Infecciosas en Argentina)""",Proyecto,Cuantitativo,Enfermedades transmisibles,2023
Micaela Dias Leal,"""Características y vivencias de familias participantes del Sistema de Acogimiento Familiar Transitorio en la Provincia de Misiones"".",Tesis,Cualitativo,Curso de vida,2023
"Graciadei, Lía Tamara",Prácticas de los/as psicólogos/as de la ciudad de Posadas en relación a demandas y diagnósticos en la escuela,Tesis,Cualitativo,Políticas y Servicios,2023
Diana Flores,"""AUTOPERCEPCIÓN DE ESTUDIANTES UNIVERSITARIAS DE LA CIUDAD DE POSADAS MISIONES ACERCA DE LA CONSTRUCCIÓN DE LA IDENTIDAD PERSONAL Y SOCIAL A PARTIR DE LOS ESTEREOTIPOS DE BELLEZA Y FEMINIDAD IMPERANTES""",Tesis,Cualitativo,Curso de vida,2023
"
Martha Von Specht",DIVERSIDAD GENÉTICA Y CARACTERÍSTICAS EPIDEMIOLÓGICAS DE STAPHYLOCOCCUS AUREUS DE ORIGEN CLÍNICO Y AMBIENTAL EN LA PROVINCIA DE MISIONES ,Proyecto,Cuantitativo,Enfermedades transmisibles,2023
"
Francisco Javier Acosta","Conocimientos sobre Sífilis Congénita y Características Sociodemográficas de las Embarazadas que Asisten a un Hospital Público de Maternidad de la ciudad de Posadas, Misiones. Año 2022",Tesis,Cuantitativo,Enfermedades transmisibles,2023
BENCHASKI ADRIANA VANESA,"""Relación entre los conocimientos y las aplicaciones de las medidas para el mantenimiento de los accesos venosos centrales en la Unidad de trasplante de Médula ósea del Hospital Escuela de Agudos Dr Ramón Madariaga entre el periodo de enero a diciembre de 2023 ",Tesis Maestria,Cuantitativo,Políticas y Servicios,2023
Martínez Mónica Beatriz,"Síndrome de Burnout en el personal de servicio de Enfermería de Trasplante
de médula ósea (TAMO) en el Hospital Escuela de Agudos Dr. Ramón Madariaga
Año 2020-2022, Posadas, Misiones",Proyecto,Cuantitativo,Políticas y Servicios,2023
Marcelo Gamarra,"PublicVar: Una herramienta para el seguimiento de pacientes con cáncer de
mama y ovario hereditario construida desde el ámbito de la Salud Pública",Proyecto,Cuantitativo,ECNT,2023
Valeria Da Luz.,"Diseño y desarrollo de un programa de prevención de Trastornos de la Conducta Alimentaria en el ámbito escolar dirigido a adolescentes de Posadas, Misiones en 2024.",Proyecto,Cuantitativo,Curso de vida,2023
Gabriela Reyna Allan,"Ley de Promoción de la Alimentación Saludable: situación tras su implementación en
entornos escolares en la provincia de Misiones en el año 2024.",Proyecto,Cuantitativo,Curso de vida,2023
Emilia Lindqvist,"Influencia de las TICs en la dinámica familiar: percepciones de adultos
responsables de hijos adolescentes en la ciudad de Posadas, Misiones.",Tesis,Cualitativo,Curso de vida,2023
Natalia Silvina Mora,SABERES SOBRE EL VIRUS DEL PAPILOMA HUMANO QUE POSEEN LOS ALUMNOS DE 3o A 5o AÑO DE UNA INSTITUCIÓN EDUCATIVA DE POSADAS MISIONES.,Tesis Maestria,Cualitativo,Enfermedades transmisibles,2023
Báez María Florencia,Representaciones sociales de la salud mental y los trastornos mentales en estudiantes Universitarios.,Tesis,Cualitativo,Organización del Sistema Sanitario,2023
Angélica Viviana Salinas,"RIESGO DE DEPRESIÓN POSPARTO ASOCIADO A FACTORES SOCIODEMOGRAFICOS EN PACIENTES
ADULTAS USUARIAS DEL HOSPITAL MATERNO NEONATAL DE LA CIUDAD DE POSADAS, MISIONES.",Proyecto,Cuantitativo,Curso de vida,2023
Florencia Agustina Barrios,"EMBARAZO EN NIÑAS Y ADOLESCENTES MENORES DE 15 AÑOS:
PRÁCTICAS Y ABORDAJES DESDE LAS PERSPECTIVAS DE LOS EQUIPOS
DE SALUD DEL SUBSECTOR PÚBLICO DE POSADAS, MISIONES.",Tesis,Cualitativo,Curso de vida,2023
Chiluk Michalowski Mario Alejandro,"EVALUACIÓN DE DOS TIEMPOS DE AYUNO DISTINTOS PARA LA DETERMINACIÓN DEL PERFIL LIPÍDICO EN EL PERSONAL DE SALUD DE TRES LABORATORIOS PÚBLICOS DE LA CIUDAD DE POSADAS, MISIONES.",Tesis,Cuantitativo,ECNT,2023
"SEICHT, Luis Eduardo","""DETERMINANTES SOCIALES DE LA SALUD ASOCIADOS AL DIAGNÓSTICO DE
ANEMIA EN MUJERES EMBARAZADAS QUE ACUDEN A LOS CONTROLES TRIMESTRALES
DE LABORATORIO EN LA LOCALIDAD DE POSADAS MISIONES DURANTE EL PERIODO 2023-
2024"",",Proyecto,Cuantitativo,Curso de vida,2023
Maria Betiana Rodriguez,Análisis Epidemiológico de Leucemia Mieloide Aguda en la población de Misiones,Proyecto,Cuantitativo,ECNT,2023
Ramírez María Marta,"Características Clínicas, de Laboratorio y Tratamiento de los
episodios de neutropenia en pacientes del Servicio de Trasplante de
médula ósea del Hospital Escuela de Agudos Dr. Ramón Madariaga",Tesis Maestria,Cuantitativo,ECNT,2023
"BALDI, Fabrizzio","Distribución poblacional de personas con condiciones del espectro autista de Posadas, Misiones y
descripción de las redes de apoyo social de sus familias.",Proyecto,Cualitativo,Curso de vida,2023
"
Esperanza Behler","""Regulación emocional en niños y niñas de 8 a 11 años frente a situaciones de acoso escolar en Oberá, Misiones"" ",Tesis,Cualitativo,Curso de vida,2023
Milagros Mercedes Penz Picaza," ""Perfeccionismo infantil y estrés escolar percibido en niños y niñas de 6 º y 7º grado de escuelas públicas y privadas de la ciudad de Posadas, Misiones""",Tesis,Cualitativo,Curso de vida,2023
"Krutki, Verónica Eugenia","Análisis sobre la implementación del Proceso de Cuidar y su relación con el
marco teórico profesional",Tesis,Cuantitativo,Políticas y Servicios,2023
"
Ivan Avendaño",Nivel de ansiedad según modalidad escrita u oral de evaluación en estudiantes universitarios de la provincia de Misiones,Tesis,Cualitativo,ECNT,2023
Barreyro Fernando Javier,"Efectividad de diferentes dosis de bezafibrato en combinación con ácido ursodesoxicólico en
pacientes con colangitis biliar primaria",Proyecto,Cuantitativo,ECNT,2023
Barreyro Fernando Javier,"Determinación del polimorfismos de nucleótidos simples (SNP ́s) en rs738409 del gen PNPLA3 en la
enfermedad hepática grasa de etiología no alcohólico",Proyecto,Cuantitativo,ECNT,2023
Barreyro Fernando Javier,Prevalencia de anticuerpos anti VHC en Trabajadores de la Salud en la Ciudad de Posadas,Proyecto,Cuantitativo,Enfermedades transmisibles,2023
"
Micaela Dias Leal",Caracteristicas y vivencias de familias participantes del sistema de acogimiento familiar transitorio en la provincia de misiones,Tesis,Cualitativo,Organización del Sistema Sanitario,2023
Florencia Baez.,"""REPRESENTACIONES SOCIALES DE LA SALUD MENTAL Y LOS TRASTORNOS
 MENTALES EN ESTUDIANTES UNIVERSITARIOS."".",Tesis,Cualitativo,Organización del Sistema Sanitario,2023
Jorge Osvaldo Pollo Sanabria,FACTORES DE RIESGOS FRECUENTES EN PACIENTES DIABETICOS CON ULCERAS EN MIEMBROS INFERIORES ATENDIDOS EN UN HOSPITAL PÚBLICO POSADAS 2023,Tesis Maestria,Cuantitativo,ECNT,2023
Melina Luján Sánchez,"""La psicoprofilaxis obstétrica en salas de Unidad de Trabajo de Parto, Parto y Recuperación, desde el punto de vista de mujeres primigestas atendidas en el Hospital Materno Neonatal. Año 2023.""",Tesis,Cualitativo,Curso de vida,2023
Miguez Carla Mabel,Percepción del Riesgo Biológico y el uso de Elementos de Protección Personal según Factores laborales de Instrumentadores Quirúrgicos del Hospital Dr. Ramón Madariaga,Tesis,Cuantitativo,Enfermedades transmisibles,2023
Nazario Marcelo,"Conocimientos y Aplicación de cuidados de los profesionales de enfermería para la
prevención de la retinopatía del prematuro con tratamiento de oxigenoterapia del
Hospital Materno Neonatal de Posadas Misiones, año 2023",Proyecto,Cualitativo,Curso de vida,2023
Carolina Derna ,"Nivel de conocimientos y percepciones sobre lactancia materna exclusiva en madres que cursan el
tercer trimestre de embarazo y madres de niños de 0 a 1 año, que asisten al Hospital materno neonatal
de Posadas, Misiones durante el mes de enero del 2023. ’’",Tesis,Cualitativo,Curso de vida,2023
Carola Cheroki,Estudio de los biomarcadores genéticos externos en los trastornos del neurodesarrollo,Proyecto,Cuantitativo,ECNT,2023
Flavia Mercado,CONSECUENCIA EN LA SALUD DE LOS ENFERMEROS A CAUSA DEL TRABAJO NOCTURNO EN UN HOPITAL PUBLICO DE POSADAS PROVINCIA DE MISIONES,Tesis,Cualitativo,Políticas y Servicios,2023
María José Blariza,"Caracterización molecular de Unidades Discretas de Tipificación (TcI and TcVI) en Trypanosoma cruzi mediante la técnica de PCR en tiempo real en muestras de pacientes con enfermedad de Chagas, Misiones-Argentina",Proyecto,Cuantitativo,Enfermedades transmisibles,2023
Fernando Barreyro.,Estudio Multicéntrico de cohorte prospectivo sobre la sobrevida y la progresión radiológica tumoral post tratamiento locorregional y sistémico de pacientes con hepatocarcinoma en estadio intermedio y avanzado en Latinoamérica.,Proyecto,Cuantitativo,ECNT,2023
Mercedes Formichela,"EXPERIENCIA DE UN LABORATORIO PRIVADO EN LA BÚSQUEDA DE ANTICUERPOS PARA DIABETES TIPO 1 y LADA, EN LA CIUDAD DE POSADAS",Tesis,Cuantitativo,ECNT,2023
Gustavo Silva,"""Toxoplasmosis en mujeres embarazadas tamizadas en el Laboratorio de Alta Complejidad Misiones durante el período 2012-2022 y su asociación con la incidencia de casos de toxoplasmosis congénita""",Proyecto,Cuantitativo,Enfermedades transmisibles,2023
,"""Estudio aleatorizado, doble ciego, controlado con placebo, multicéntrico para evaluar el impacto de inclisirán en los eventos adversos cardiovasculares mayores en participantes con enfermedad cardiovascular confirmada (VICTORION-2 PREVENT).""",Ensayo Clinico,Cuantitativo,ECNT,2023
Rocio Meza,"Caracterización de gestantes con diabetes y complicaciones en sus recién nacidos,
atendidas en el Hospital Materno Neonatal de Posadas Misiones en el año 2021",Tesis,Cualitativo,ECNT,2023
"
Mariana Soledad Avalos",CUIDADOS DE ENFERMERIA PARA PREVENIR RETINOPATÍA EN PREMATUROS (ROP) CON OXIGENOTERAPIAEN EL HOSPITAL MATERNO NEONATAL DE POSADAS MISIONES 2023,Tesis,Cuantitativo,Curso de vida,2023
"
Analis Herrera","Caracterización de usuarias del implante hormonal subdérmico de una varilla en la
provincia de Misiones en el periodo 2022-2023",Resumen,Cuantitativo,Organización del Sistema Sanitario,2023
Cristina Permuy ,"Síntomas del Síndrome Burnout y repercusiones en la salud de los trabajadores de alto
riesgo del Hospital Público Nivel I de Salud Mental de la Ciudad de Posadas, Provincia de
Misiones, en los meses de abril y mayo del año 2019.",Tesis,Cuantitativo,Políticas y Servicios,2023
Ferreyra Priscila,"Análisis del consumo de benzodiacepinas, hipnóticos sedantes de acción
corta, ansiolíticos, estabilizadores del ánimo y antidepresivos en la población
Universitaria de la UCAMI, Posadas, Misiones (Argentina) en 2018,",Tesis,Cuantitativo,ECNT,2023
Residencia Bioquímica Clínica Misiones ,EVALUACIÓN DE LOS PERFILES HORMONALES Y METABÓLICOS POST- TERAPIA HORMONAL CRUZADA EN PACIENTES TRANS QUE CONCURRIERON AL LABORATORIO DE ALTA COMPLEJIDAD DE MISIONES  ENTRE ENERO DE 2017 Y MARZO DE 2023,Proyecto,Cuantitativo,ECNT,2023
Graciela Beatriz Jordá,"""Evaluación de anticuerpos contra SARS-Cov-2 en individuos vacunados y no vacunados, y su relación con variables de interés sociodemográfico y clínico. Análisis de conocimientos y comportamientos de sujetos no vacunados del Departamento Capital de Misiones"".",Proyecto,Cuantitativo,Enfermedades transmisibles,2023
Alicia Ares,"Obtención, Caracterización y Selección de Aleaciones Base Zinc para su Potencial uso como Materiales Metálicos Biodegradables en Aplicaciones Clínicas ",Proyecto,Cuantitativo,Políticas y Servicios,2023
"
","Estado nutricional, ingesta alimentaria e hídrica, presencia de síntomas digestivos, soporte nutricional, trastornos emocionales e influencia del acompañamiento familiar durante el tratamiento oncológico esófago gástrico de adultos atendidos en el Instituto Misionero del Cáncer en la ciudad de Posadas Misiones, 2023.",Proyecto,Cuantitativo,ECNT,2023
"Vidal Rodríguez, Paula A.","TRATAMIENTO NUTRICIONAL EN PACIENTES POST-
QUIRÚRGICOS DE BYPASS GÁSTRICO",Tesis,Cuantitativo,Organización del Sistema Sanitario,2023
María Dolores Fellner,"Impacto de la vacunación contra el virus papiloma humano
(VPH) en Argentina, en el marco de la prevención del cáncer
cérvicouterino: Experiencia en el mundo real 10 años después de su
implementación",Proyecto,Cuantitativo,Enfermedades transmisibles,2023
Karina Salvatierra,CARACTERISTICAS CLINICO-EPIDEMIOLOGICAS DE LAS INFECCIONES PRODUCIDAS POR VIRUS RESPIRATORIOS EN PACIENTES ONCO-HEMATOLÓGICOS EN EL HOSPITAL ESCUELA DE AGUDOS DR. RAMON MADARIAGA. ,Proyecto,Cuantitativo,Enfermedades transmisibles,2023
"Silva, Aixa Fernanda","Factores que influyen en el rendimiento deportivo de los equipos de Hockey sobre
Césped de la categoría sub 14 de Posadas Misiones.",Tesis,Cuantitativo,,2023
Agustín Villarreal,"La sociogénesis de las representaciones sociales del dengue y su relación con las prácticas
de prevención de habitantes de zonas de alta y baja transmisión de la enfermedad.",Proyecto,Cualitativo,Políticas y Servicios,2023
Janina Alvarez," ""Cuidados de enfermería aplicados en el sujeto con decúbito prono, conectado a la asistencia ventilatoria mecánica, internado en una unidad de terapia intensiva  de un Hospital Público de Posadas, Misiones año 2021 """,Tesis,Cuantitativo,Políticas y Servicios,2023
María Belén Brizuela Sánchez,"Análisis de desbalances genómicos en mieloma múltiple. Valor pronóstico y
significado clínico.",Proyecto,Cuantitativo,ECNT,2023
María Elina Totaro,ESTUDIO DE FACTORES DE RIESGO GENÉTICOS (VIRALES Y HUMANOS) EN EL DESARROLLO DE CÁNCER DE CUELLO DE ÚTERO EN LA PROVINCIA DE MISIONES,Proyecto,Cuantitativo,ECNT,2023
Almada Lorena Elizabeth,".Prevalencia de Chlamydia trachomatis en hombres que concurren al
laboratorio de la obra social Provincial",Tesis Especialidad,Cuantitativo,Enfermedades transmisibles,2023
Claudia Mir,"FACTORES DETERMINANTES DEL SOBREPESO Y LA OBESIDAD Y SU
RELACION CON EL PERFIL TIROIDEO EN ADULTOS QUE CONCURREN A
CENTROS DE ATENCION PRIMARIA DE LA SALUD DE LA CIUDAD DE
POSADAS . ESTUDIO DE CASO-CONTROL",Tesis Maestria,Cuantitativo,ECNT,2023
Karina Ailen Larraburu,"Proceso de atención de enfermería en embarazadas de la comunidad Mbya guaraní en el trabajo de parto, parto y puerperio",Tesis,Cuantitativo,Curso de vida,2023
Ruth Karina Marczuk,"PREVALENCIA de ENTEROPARASITOS Y
ANEMIA FERROPENICA y FACTORES
ASOCIADOS EN POBLACION INFANTIL DE
ALDEAS GUARANIES DE LA ZONA CENTRO
URUGUAY DE MISIONES",Tesis Maestria,Cuantitativo,Enfermedades transmisibles,2023
Cristian Ferri,Genes predictores de recaída en pacientes diagnosticados con Leucemia Mieloide Crónica durante el tratamiento con inhibidores de Tirosina Quinasa,Proyecto,Cuantitativo,ECNT,2023
LIDIA CABALLERO,"Percepción del mejor manejo de la sospecha de otitis media aguda en relación a las guías nacionales
- un estudio internacional en Atención Primaria de la Salud",Proyecto,Cuantitativo,Curso de vida,2023
 Claudia Rospigliosi Nava,"Estado nutricional, ingesta alimentaria e hídrica, presencia de síntomas digestivos, soporte nutricional, trastornos emocionales e influencia del acompañamiento familiar en el tratamiento por cáncer esofagogástrico y colon de adultos atendidos en el Instituto Misionero del Cáncer en la ciudad de Posadas Misiones, 2023",Proyecto,Cuantitativo,ECNT,2023
FABIANA AYALA,"Cuidados de enfermería para prevenir retinopatía en prematuros (ROP) con oxigenoterapia en el Hospital
Materno Neonatal de Posadas, Misiones 2022.",Tesis,Cuantitativo,ECNT,2023
"
irene Fleitas","CUIDADOS QUE BRINDA EL PERSONAL DE ENFERMERÍA A LOS RECIÉN NACIDOS
CON VIRUS SINCICIAL RESPIRATORIO (VSR) EN EL SERVICIO DE NEONATOLOGÍA
DEL HOSPITAL MATERNO NEONATAL, POSADAS MISIONES 2022.",Tesis,Cuantitativo,Curso de vida,2023
Susana Pavón,"Percepción de las madres durante el proceso de trabajo de parto, parto y post-parto, con respecto al Art. 2 de la Ley Nº 25.929 y su influencia en el ejercicio de la misma para tener un parto respetado, HMN, ciudad de Posadas",Tesis,Cuantitativo,Curso de vida,2023
Monica Elisabet Gonzalez,"Factores que influyeron en la generación del embarazo en adolescentes de 14 a 19. Hospital Público de Posadas, Misiones. año 2021",Tesis,Cuantitativo,Curso de vida,2023
ANA MILAGROS ROMERO,"Influencia de la fuerza explosiva sobre la consecución del salto Doble Toe-Loop en patinadoras de la ciudad
de Posadas,",Tesis,Cuantitativo,,2023
"
Carina Francisca Argüelles",Programa de Referencia y Biobanco Genómico de la Población Argentina (PoblAR),Proyecto,Cuantitativo,Políticas y Servicios,2023
Rivero Donovan,"PTEN, un potencial biomarcador en la susceptibilidad al desarrollo de cáncer en pacientes con diabetes",Proyecto,Cuantitativo,ECNT,2023
Nadia Zacarías,"La escolarizacion materna y su relacion con la asistencia al control prenatal en mujeres que culminaron su gestacion en el hospital Materno Neonatal de Posadas, Misiones",Tesis,Cualitativo,Curso de vida,2023
AGUSTINA HUBNER IMHOF,"Consumo alimenticio, estado nutricional, función renal, consumo de fármacos y estrés oxidativo en
los pacientes con insuficiencia renal crónica y transplantados renales.",Tesis,Cuantitativo,ECNT,2022
MONICA GONZALEZ,"Factores que influyeron en la generación del embarazo en adolescentes de 14 a 19. Hospital Público de
Posadas, Misiones. Año 2021",Tesis,Cuantitativo,Curso de vida,2022
Claudia Mir,FACTORES DE RIESGO CARDIOVASCULAR EN INDIVIDUOS CON ENFERMEDAD CELÍACA RECIENTEMENTE DIAGNOSTICADOS QUE CONCURREN A UN HOSPITAL PÚBLICO DE LA CIUDAD DE POSADAS,Proyecto,Cuantitativo,ECNT,2022
KAREN ROLON,Nivel de Actividad Física en estudiantes de Medicina y Licenciatura en Obstetricia de la UCAMI y su relación con la Obesidad y Sobrepeso,Tesis,Cuantitativo,Curso de vida,2022
Ezequiel Revinski ,"El entrenamiento de la fuerza en jugadores masculinos de fútbol de campo Categoría Sub-15, en los clubes de la ciudad de Posadas, Misiones",Tesis,,Curso de vida,2022
marcelo ruiz diaz,"Conocimiento sobre métodos anticonceptivos en las adolescentes de un barrio de San Vicente, Misiones",Tesis Maestria,Cuantitativo,Curso de vida,2022
sonia espindola," ""Estudio de infecciones por dengue virus en la Provincia de Misiones: contribución a la caracterización y estudio de la severidad del paciente""",Proyecto,Cuantitativo,Enfermedades transmisibles,2022
Giuliana Carra,"Participación de genes de la familia SRC quinasas en el desarrollo de diabetes
mellitus tipo 2: expresión de LYN y FYN.",Tesis Maestria,Cuantitativo,ECNT,2022
Williams Pedrozo,"Desarrollo de un método de tratamiento de muestras de suero para el
diagnóstico de Dengue por RT-qPCR sin extracción de ARN",Proyecto,Cuantitativo,Enfermedades transmisibles,2022
JUAN JOSE CARMONA,"Impacto de la vacunación contra el virus papiloma humano (VPH) en Argentina, en el marco de la
prevención el cáncer cérvicouterino: Experiencia en el mundo real 10 años después de su
implementación.",Proyecto,Cuantitativo,Enfermedades transmisibles,2022
Lidia Caballero,Percepción del mejor manejo de la sospecha de otitis media aguda en relación a las guías nacionales - un estudio internacional en Atención Primaria de la Salud,Proyecto,Cuantitativo,ECNT,2022
Damian Gomez,"Utilización de tecnología móvil para
optimizar la adherencia farmacoterapéutica de
lactantes atendidos en el Hospital Materno
Neonatal.",Tesis,Cuantitativo,Políticas y Servicios,2022
 Magalì Caceres,"Prevalencia del antígeno de SARS-COV-2 en pacientes sintomáticos y asintomáticos en una clínica de Posadas, Misiones",Tesis,Cuantitativo,Enfermedades transmisibles,2022
Ana Paula González,"Selección del valor óptimo de cut-off de una prueba Inmunoquímica fecal
para la detección de cáncer colorrectal en población de riesgo de la Provincia de
Misiones",Tesis,Cuantitativo,ECNT,2022
SILVIA ZUCCO,"Descripción y tendencias en el descarte de tejido corneal en
donantes del Hospital Escuela de Agudos ""Dr. Ramón Madariaga"" generados por el
Centro Único Coordinador de Ablación e Implantes de Misiones (CUCAIMis) en el
período 2010-2019",Proyecto,Cuantitativo,Políticas y Servicios,2022
SOL SCHONBERGER,"""Tolerancia a la frustración y práctica competitiva del deporte: estudio comparativo con adolescentes de la ciudad de Posadas"".",Tesis,Cualitativo,Curso de vida,2022
Margarita Laczeski,Resistencia a los antimicrobianos acelerada por la pandemia de COVID-19: Caracterización epidemiológica y molecular de Enterobacterales de origen clínico productores de carbapenemasas en la provincia de Misiones,Proyecto,Cuantitativo,Enfermedades transmisibles,2022
DELFINA DIBLASSI,"Autopercepción de la imagen corporal, estereotipos estéticos y
uso de redes sociales en estudiantes universitarios de Posadas",Tesis,Cualitativo,Organización del Sistema Sanitario,2022
PAULA SANTILLAN,"Evaluación de predictores de éxito en la colecta por aféresis de
células hematopoyéticas en un centro de alta complejidad del noreste argentino
durante el periodo 2018-2022",Tesis,Cuantitativo,Políticas y Servicios,2022
JULIETA ROMERO,"Síndrome de boreout y su relación con la identidad
ocupacional en trabajadores de la ciudad de Posadas",Tesis,Cualitativo,Políticas y Servicios,2022
Ana Almada,"Factores predisponentes y agentes etiológicos asociados a las micosis
superficiales en la población que acude a un Hospital Nivel I del interior de la
provincia de Misiones, Puerto Piray, durante una intervención comunitaria en 2022-
2023,",Proyecto,Cuantitativo,Enfermedades transmisibles,2022
"
Silvina Hanke","""Genotipificación de serotipos del virus Dengue en pacientes de la región norte de Misiones y factores clínicos epidemiológicos asociados. Período 2018- 2020""",Proyecto,Cuantitativo,Enfermedades transmisibles,2022
Analia Hermosa,"Infección por Chlamydia trachomatis y su relación con otros agentes
patógenos en mujeres en edad fértil",Tesis,Cuantitativo,Enfermedades transmisibles,2022
Angélica Salinas,Detección y atención de depresión posparto en pacientes adultas usuarias de los centros de atención primaria de la salud de zona capital de la provincia de Misiones,Proyecto,Cuantitativo,Curso de vida,2022
Juan Amilcar,"Cuidados aplicados a sujetos con COVID 19 en decúbito prono y
con asistencia respiratoria mecánica por el personal de enfermería",Tesis,Cuantitativo,Políticas y Servicios,2022
Alba Alberti Gallardo,"Estudio observacional para evaluar la calidad, de sarcoma como modelo para mejorar el diagnóstico clínico de tumores raros a través de una red multidisciplinar europea y latinoamericana (SELNET)",Proyecto,Cuantitativo,ECNT,2022
"
Marianela Gutiérrez","Complicaciones obstétricas más frecuentes en el embarazo adolescente en pacientes del Hospital Materno Neonatal de Posadas, Misiones en el Año 2019.",Tesis,Cuantitativo,Curso de vida,2022
"
Julian Ferrera",Ampliación de la capacidad diagnóstica de SARS-CoV2 en la provincia de Misiones y desarrollo de herramientas moleculares para la investigación epidemiológica .,Proyecto,Cuantitativo,Enfermedades transmisibles,2022
MARIA CONSTANZA SCHELL,"Conocimiento de los pacientes con reemplazo valvular cardíaco,
trasplante renal y trasplante de médula ósea sobre sus medicamentos al alta
hospitalaria",Proyecto,Cuantitativo,ECNT,2022
Sandra Benitez/Claudia Vogel,Factores que generan estres en madres de recien nacidos prematuros hospitalizados en la UCIN del Hospital Materno Neonatal de la ciudad de Posadas en la provincia de Misiones. Año 2020,Tesis,Cuantitativo,Curso de vida,2022
PAMELA GÓMEZ,"Epidemiología y factores pronóstico de Leucemia Linfática
Crónica en el Servicio de Citometría de Flujo del Laboratorio CEBAC en un periodo de
dos años",Tesis,Cuantitativo,ECNT,2022
DIANA FERENDIUK,"Cuidados que realiza el personal de enfermería sobre el paciente
conectado a un ventilador mecánico en proceso de destete. Hospital Público de
Posadas, Misiones. Año 2021",Tesis,Cuantitativo,Políticas y Servicios,2022
"
Andrea Uboldi ","""Estudio sobre respuesta de anticuerpos neutralizantes contra la Fiebre Amarilla cuatro a siete años después de la vacunación en las niñeces vacunadas entre los 12 y 23 meses de edad en Argentina """,Tesis,Cuantitativo,Enfermedades transmisibles,2022
MELISSA DRISNER,"Efectos del uso de las redes sociales en las relaciones de pareja desde
la perspectiva de jóvenes y adultos de la ciudad de Posadas, Misiones.",Tesis,Cualitativo,Organización del Sistema Sanitario,2022
"
Natalia Gomenuka",Relevancia de la flexibilidad en la aparición de lesiones de hombro en un grupo de jugadores de tenis de la ciudad de Posadas,Tesis,Cuantitativo,Curso de vida,2022
"
Residencia Bioquímica Clínica Misiones","""EVALUACIÓN DE PARÁMETROS SEMINALES Y FACTORES DE RIESGO ASOCIADOS A INFERTILIDAD EN HOMBRES QUE CONCURRIERON AL LABORATORIO DE ALTA COMPLEJIDAD DE MISIONES ENTRE 2019-2022""",Proyecto,Cuantitativo,ECNT,2022
GABRIELA AYELEN MAZUR,"Sentidos de la violencia simbólica contra la mujer en jóvenes y
adultas de la ciudad de Posadas",Tesis,Cualitativo,Organización del Sistema Sanitario,2022
LUCIA GARZÓN MACEDA,Representaciones de la soledad en niños/as de 8 a 12 años de la ciudad de Posadas,Tesis,Cualitativo,Políticas y Servicios,2022
VANIA ILCHUK,"Análisis de la Estrategia de Acción del Plan Nacional de
Prevención del Embarazo No Intencional en la Adolescencia (ENIA) en Centros de
Atención Primaria de la Salud, de la Ciudad de Posadas",Tesis Maestria,Cuantitativo,Curso de vida,2022
MARIELA HUMEÑUK,"Resiliencia y estrategias de afrontamiento en adultos mayores
institucionalizados de la ciudad de Posadas",Tesis,Cualitativo,Políticas y Servicios,2022
PRISCILA BENEGAS,"Control tardío en mujeres que
transcurrieron su embarazo durante la adolescencia, atendidas en los últimos cinco años
en el Hospital Materno Neonatal de Posadas, Misiones, desde un enfoque cualitativo-
narrativo",Tesis,Cuantitativo,Curso de vida,2022
"
Mari Mathiasen","""Relación entre sabiduría y decisión vocacional en estudiantes posadeños que cursan el último año de la escuela secundaria"" ",Tesis,Cualitativo,Políticas y Servicios,2022
Carola Cheroki,"""Incontinencia urinaria: prevalencia e impacto en la calidad de vida""",Proyecto,Cuantitativo,ECNT,2022
GUILLERMO GOMEZ,"Caracterización de una población con fibrosis quística de la provincia de
Misiones",Tesis,Cuantitativo,ECNT,2022
SEBASTIÁN CUTÓ,Fibrosis quística en la provincia de Misiones. Un estudio descriptivo,Tesis,Cuantitativo,ECNT,2022
LUCIA ACUÑA,"Caracterización retrospectiva de las variantes de virus Papiloma Humano de
las lesiones de cérvix uterino en una cohorte de mujeres atendidas en hospitales
públicos de Misiones",Tesis,Cuantitativo,Enfermedades transmisibles,2022
Gicel Sánchez,"Caracterización de las puérperas en relación a sus conocimientos sobre los métodos anticonceptivos en el Hospital Materno Neonatal de Posadas, Misiones.2021-2022.",Tesis,Cuantitativo,Curso de vida,2022
Cristina Aguirre,Evaluación de parámetros seminales y factores de riesgo asociados a infertilidad en hombres que concurrieron al Laboratorio de Alta Complejidad de Misiones entre 2019 - 2022.,Proyecto,Cuantitativo,ECNT,2022
Karina Acosta,"""Variabilidad genética asociada al cáncer de mama en mujeres jóvenes de la provincia de Misiones""",Proyecto,Cuantitativo,ECNT,2022
FLORENCIA VILLALBA,"Autoconcepto y
Rendimiento escolar en niños y niñas de la ciudad de Capiovi.",Tesis,Cualitativo,Políticas y Servicios,2022
"
Luciana Parayba","""Estudio descriptivo respecto a las consultas por intento de suicidio en el servicio de urgencias del Hospital Nivel I de Asistencia y Rehabilitación en Salud Mental Dr. Ramón Carrillo (Posadas-Misiones)"".",Tesis,Cualitativo,Políticas y Servicios,2022
Florencia Tataryn,La relación entre los conocimientos de los tutores sobre la alimentación complementaria y el estado nutricional de niños menores a 2 años,Tesis,Cualitativo,Curso de vida,2022
Lucía Garzón Maceda,Representaciones de la soledad en niños/as de 8 a 12 años de la ciudad de Posadas,Tesis,Cualitativo,Curso de vida,2022
Laura Anger,"Modelos de construcción socio-cultural de la infancia: la niñez imaginada en
la contemporaneidad, patologización de las diferencias, prácticas orientadoras de
crianza y educación. Posadas, Misiones - Argentina",Tesis,Cualitativo,Curso de vida,2022
VALERIA FRANCIOSI,"Estudio aleatorizado, doble ciego, controlado con placebo, multicéntrico para evaluar el impacto de Inclisirán en los eventos adversos cardiovasculares mayores en participantes con enfermedad cardiovascular confirmada (VICTORION-2PREVENT)",Ensayo Clinico,Cuantitativo,ECNT,2022
FEDERICO STACIUK,"Caracterización retrospectiva de las variantes de virus de Papiloma Humano de las
lesiones de cérvix uterino en una cohorte de mujeres atendidas en hospitales

públicos de Misiones",Tesis,Cuantitativo,Enfermedades transmisibles,2022
Maria Emilia Notta,"""Seroprevalencia chagásica en hemodonantes del Banco de Sangre Central de la provincia de Misiones durante el período Enero 2018 a Diciembre 2021""",Tesis,Cuantitativo,Enfermedades transmisibles,2022
Ocampo,"Estudio de cohortes prospectivo para investigar los
resultados del embarazo, maternos y neonatales,
en mujeres y recién nacidos infectados por el
SARS-CoV-2 1 .",Proyecto,Cuantitativo,Enfermedades transmisibles,2022
Julio Báez,Integración de predictores clínicos y funcionales en la interpretación de resultados discordantes entre la prueba de esfuerzo y la perfusión en SPECT,Tesis,Cuantitativo,Curso de vida,2022
Ingrid Bojaryn,Una aproximación antropológica al programa de obesidad y sobrepeso desarrollado por el Hospital de Agudos Dr. Ramón Madariaga,Trabajo de Investigacion,Cuantitativo,Curso de vida,2021
Giménez Sandra Daniela,FACTORES RELACIONADOS AL EMBARAZO ADOLESCENTES EN LA CIUDAD DE APOSTOLES MIISONES.,Tesis,Cualitativo,Curso de vida,2021
Zorzano Milagros,"COMPLICACIONES MATERNAS Y PERINATALES EN GESTANTES CON EDAD AVANZADA ATENDIDAS EN EL HOSPITAL MATERNO NEONATAL, DE POSADAS-MISIONES, DURANTE EL AÑO 2019",Tesis,Cualitativo,Curso de vida,2021
"Gabriel Isac,  Podkowa",PRESCRIPCIONES POTENCIALMENTE INADECUADAS EN ADULTOS MAYORES INGRESADOS A UN HOSPITAL DE ALTA COMPLEJIDAD: APLICACIÓN DE CRITERIOS EXPLICITOS STOPP/START VERSIÓN 2.,Tesis Maestria,Cuantitativo,Curso de vida,2021
Leila Yanochauski,Calidad de atención obstétrica de pacientes de Concepción de la Sierra durante el parto y puerperio inmediato en el Hospital Materno Neonatal de Posadas.,Tesis,Cualitativo,Curso de vida,2021
"Cerdán, Rita Itatí.","Cuidados enfermeros a las embarazadas con amenaza de parto prematuro del hospital público de posadas, misiones, en el mes de Noviembre del año 2019.",Tesis,Cualitativo,Curso de vida,2021
Maria Julia Hermida,"PREVENCIÓN EN ACCIÓN, RECURSOS PEDAGÓGICOS PARA UN MUNDO SANO: COMPARACIÓN DE ABORDAJES INSTRUCCIONALES Y LÚDICOS PARA AUMENTAR EL CONOCIMIENTO SOBRE DENGUE EN NIÑOS Y NIÑAS DE 10 AÑOS.",Trabajo de Investigacion,Cualitativo,Políticas y Servicios,2021
Michelle Viviane Cerioli,CARACTERIZACIÓN DEL FUNCIONAMIENTO COGNITIVO-SOCIAL EN PERSONAS CON DEPRESIÓN MAYOR: SU RELACIÓN CON EL ESTATUS FUNCIONAL E IMPLICANCIAS CLÍNICAS,Tesis Maestria,Cuanti/cuali,ECNT,2021
Emilia Carrera,"Autismo a edad temprana, factores que modifican el diagnóstico durante el proceso de desarrollo del niño",Tesis Maestria,Cualitativo,ECNT,2021
Gustavo A. Méndez,Epidemiología de la infección por COVID-19 en pacientes con neoplasias hematológicas:  ncuesta de la Asociación Europea de Hematología (EPICOVHEA).,Trabajo de Investigacion,Cuantitativo,Enfermedades transmisibles,2021
Valentina Maltaneres,La ideación suicida en adolescentes y su relación con la  percepción de los estilos parentales,Tesis,Cuanti/cuali,Curso de vida,2021
NATALIA ANDREA GOMEÑUKA,CAMINATA NÓRDICA PARA PACIENTES ONCOLÓGICOS SOBREVIVIENTES AL CÁNCER DE MAMA Y DE PRÓSTATA,Trabajo de Investigacion,Cualitativo,Políticas y Servicios,2021
Pablo Michnik,PATRÓN ECOGRÁFICO POSOPERATORIO DE LA UNIÓN PIELOURETERAL,Trabajo de Investigacion,Cuanti/cuali,Curso de vida,2021
Luciana Zarate,Desregulación Emocional y su relación con el Consumo Problemático de Alcohol en adolescentes escolarizados,Tesis,Cualitativo,Curso de vida,2021
Dr. Gustavo A. Méndez,"Plataformas de diagnóstico, tamizaje y tipificación de Leishmania spp.",Trabajo de Investigacion,Cuanti/cuali,Enfermedades transmisibles,2021
gladys bello,Resistencia antimicrobiana en infecciones intrabdominales de etiología aeróbica en el laboratorio central de alta complejidad de Posadas Misiones desde 2017 a 2019,Tesis Maestria,Cuanti/cuali,Enfermedades transmisibles,2021
Johana Zacoutegui,El bajo peso materno al inicio del embarazo como factor asociado al bajo peso en el recién nacido para la edad gestacional en el Hospital Materno Neonatal de Posadas-Misiones durante enero-diciembre del 2019,Tesis,Cuantitativo,Curso de vida,2021
Marcela Kober,"Estudio observacional para evaluar la calidad, de sarcoma como modelo para mejorar el diagnóstico clínico de tumores raros a través de una red multidisciplinar europea y latino americana (SELNET)",Trabajo de Investigacion,Cuanti/cuali,ECNT,2021
Cecilia DaRosa,"Frecuencia de factores de riesgo asociados al desarrollo de preeclampsia en pacientes adolescentes atendidas en el Hospital Materno Neonatal de la ciudad de Posadas, Misiones durante el año 2019",Tesis,Cuantitativo,ECNT,2020
Denise Weyreuter,"Asociación entre Obesidad materna, Diabetes y macrosomía en los recién nacidos del Hospital Materno Neonatal de la Ciudad de Posadas, Misiones",Tesis,Cuanti/cuali,ECNT,2020
Oriana Belen Ceccarini Gottshalk,Tratamientos combinados para el abordaje de los niños con Trastorno del Espectro Autista (TEA): la comunicación en el equipo desde la percepción de los psicólogos.,Tesis,Cuantitativo,ECNT,2020
Natalia Caballero,"CONOCIMIENTOS DE LOS PROFESIONALES DE ENFERMERÍA SOBRE LOS CUIDADOS EN PACIENTES CON COLESTASIS INTRAHEPATICA GESTACIONAL EN EL SERVICIO DE OBSTETRICIA DE UN HOSPITAL MATERNO-NEONATAL DE POSADAS, MISIONES AÑO 2019",Tesis,Cualitativo,Políticas y Servicios,2020
"Viviana Engelmann
",Incidencia y prevalencia de melanoma cutáneo en el Hospital Escuela de Agudos Dr. Ramón Madariaga de la Provincia de Misiones entre el 1ero de enero del 2010 y el 31 de diciembre del 2019,Trabajo de Investigacion,Cuantitativo,ECNT,2020
Luciana Piatti,Riesgo de desnutrición oculta en infantes escolares con sobrepeso u obesidad,Trabajo de Investigacion,Cuantitativo,Políticas y Servicios,2020
Julio Baez,Prevalencia de hipertensión arterial en estudiantes de Medicina de la Universidad Católica de la Misiones,Tesis,Cuantitativo,ECNT,2020
"Flavia Antonela Leveroni
",Evaluación in vivo e in vitro de la toxicidad y potencial genotóxico de extractos y aceite esencial de Acanthospermum australe (Loefl.) Kuntze,Trabajo de Investigacion,Cuantitativo,Políticas y Servicios,2020
Sabrina Margets,Nuevas modalidades vinculares de estar en pareja: sentidos del poliamor en población adulta de la ciudad de Posadas.,Tesis,Cualitativo,Políticas y Servicios,2020
Luciano Ismael Krakowiesky,Abordaje terapéutico del problema de la violencia contra la mujer: Coordenadas Teóricas y Técnicas que orientan la práctica clínica de los/as Psicólogos/as Psicoanalistas de Posadas.,Tesis,Cualitativo,Políticas y Servicios,2020
Victoria Schimelfenning,"Prácticas terapéuticas para el tratamiento de la psicosis: Logros terapéuticos, la eficacia y posible cura de psicólogos psicoanalistas de la ciudad de Posadas",Tesis,Cualitativo,Políticas y Servicios,2020
Jessica  Espinoza Deglise,Efecto del rotulado frontal de advertencias y de las Guías Diarias de Alimentación con colores sobre los patrones de compra de alimentos envasados en adolescentes de  centros urbanos de la Argentina,Trabajo de Investigacion,Cualitativo,Políticas y Servicios,2020
Tamara Bachke,"Phubbing en la relación de pareja: impacto emocional y percepción de conflicto en jóvenes y adultos de la ciudad de Posadas, Misiones",Tesis,Cualitativo,Políticas y Servicios,2020
Jennifer Zimmermann,Creación de las Guías Alimentarias para la población Mbyá-Guaraní (GAP-Mbyá) de la Provincia de Misiones. 2017 / 2020,Trabajo de Investigacion,Cualitativo,Políticas y Servicios,2020
"Olga Gabriela, Nechesny Kiszko","Hipocoagulabilidad asociado con hipotiroidismo, en una población adulta que concurre al Laboratorio de Alta Complejidad Misiones, de Marzo a Diciembre del 2020",Tesis,Cualitativo,Políticas y Servicios,2020
Etelbina Raquel Osorio,Estudio descriptivo sobre la contribución de la metodología Terapia Comunitaria Integrativa como estrategia de Promoción de Salud en mujeres privadas de la libertad. Posadas. Año 2018,Tesis,Cualitativo,Organización del Sistema Sanitario,2020
Aldana Hahn,"FACTORES SOCIO-ECONÓMICOS, CULTURALES, DEMOGRÁFICOS Y OBSTÉTRICOS QUE INFLUYEN EN LA ADHERENCIA A LA LACTANCIA MATERNA EXCLUSIVA EN MUJERES ATENDIDAS EN EL HOSPITAL SAMIC NIVEL II Y EL CENTRO MÉDICO INTEGRAL DE LA CUIDAD DE LEANDRO N. 
ALEM - MISIONES.",Tesis,Cuanti/cuali,Curso de vida,2020
Panasiuk Sabrina,"COMPARACIÓN DE PATRONES DACTILARES Y PALMARES DE RECIÉN NACIDOS DE MADRES CON PREECLAMPSIA VS. RECIÉN NACIDOS DE MADRES SIN PREECLAMPSIA EN EL HOSPITAL MATERNO NEONATAL DE LA CIUDAD DE POSADAS, MISIONES.",Tesis,Cuanti/cuali,Curso de vida,2020
Silvina Lamiaux,Incontinencia de orin:a prevalencia e impacto en la calidad de vida,Trabajo de Investigacion,Cualitativo,Curso de vida,2020
Narena Ayala,El registro de intento de suicidio adolescente: representaciones sociales de trabajadores de la salud en dos Instituciones del Primer Nivel de Atención en la ciudad de Posadas,Tesis,Cualitativo,ECNT,2020
Fabrizzio Baldi,"Relación de los rasgos de la Condición del Espectro Autista (CEA) con el Bienestar Psicológico en estudiantes de la ciudad de Posadas, Misiones",Tesis,Cualitativo,ECNT,2020
Rocio De Leon,"Estudio de la frecuencia de los factores de riesgo asociados a los desgarros perineales en pacientes atendidas en el Hospital Materno Neonatal de Posadas, Misiones. Periodo de julio a diciembre de 2019",Tesis,Cuantitativo,Curso de vida,2020
Celia amalia laban,Prevalencia de patologías pediátricas en la internación en el contexto de la pandemia de COVID 19,Trabajo de Investigacion,Cuantitativo,Enfermedades transmisibles,2020
Valeria Guirland,La realización de cortes en el cuerpo (self cutting) en Patologías Narcisistas,Tesis,Cualitativo,Curso de vida,2020
Carolina Gallego,ESTIMULACIÓN VISUAL DEL RECIÉN NACIDO CON RIESGO DE DESARROLLAR RETINOPATÍA  DEL PREMATURO EN EL SERVICIO DE NEONATALOGÍA DEL  S.A.M.I.C. NIVEL III ELDORADO-MISIONES.,Trabajo de Investigacion,Cualitativo,Curso de vida,2020
Cecilia Torres,"Cuidados de los profesionales de Enfermería en la prevención de Úlcera por Presión en pacientes oncológicos internados en el sector de Oncología del nivel C del Hospital Escuela Dr. Ramón Madariaga de
la ciudad de Posadas Misiones.",Tesis,Cualitativo,Organización del Sistema Sanitario,2020
Claudia Flecha,"Estudio descriptivo de los factores de resiliencia en el contexto de aislamiento, social preventivo y obligatorio a raíz de la pandemia de Covid-19, de las familias a cargo de los niños, niñas y dolescentes con discapacidad que concurren a la Escuela Especial No 6 de la localidad de Eldorado Misiones.",Trabajo de Investigacion,Cuanti/cuali,Enfermedades transmisibles,2020
Nancy Alarcón,"Implementación y evaluación de una red de farmacias hospitalarias conformada por el Hospital Garrahan y hospitales públicos de cinco provincias argentinas, para garantizar la accesibilidad a medicamentos huérfanos pediátricos en enfermedades poco frecuentes",Trabajo de Investigacion,Cualitativo,Organización del Sistema Sanitario,2020
"Guillermo Enrique Cribb Libardi
","La adherencia en tiempos de pandemia. Adherencia Terapéutica en personas viviendo con VIH/SIDA y la pandemia COVID-19, en Misiones, Argentina. Investigación de Implementación y Ensayo Clínico Pragmático de Efectividad Comparativa - Diseño Híbrido Tipo 3. Nombre corto: Adherencia Misiones (AdMis).",Trabajo de Investigacion,Cualitativo,Políticas y Servicios,2020
Graciela Alba Piris da Motta,Estructura y Coyuntura: los desafíos en tiempos de Pandemia al sistema sanitario; similitudes y diferencias de las estrategias de afrontamiento en cinco provincias argentinas.,Trabajo de Investigacion,Cuanti/cuali,Organización del Sistema Sanitario,2020
Alejandra S Araki,Particularidades de la ciudad de Oberá (Misiones-Argentina) en el control del dengue: un estudio reflexivo con perspectivas hacia una mayor participación ciudadana.,Trabajo de Investigacion,Cualitativo,Enfermedades transmisibles,2020
Gastón Sioli,Caracterizacion de alteraciones cromosomicas .......,Trabajo de Investigacion,Cualitativo,ECNT,2020
Paula guz,Índice de Estado de Salud Bucal Comunitario. (IESBC) En relación a caries dental.,Trabajo de Investigacion,Cualitativo,Curso de vida,2020
Julieta Soubeste,Impacto del aislamiento social por COVID 19 en personas diagnosticadas con Trastornos del Espectro Autista (TEA) y sus grupos familiares en la Provincia de Misiones.,Trabajo de Investigacion,Cualitativo,Curso de vida,2020
Angeles Isidro,"Alteraciones bioquímicas e inmunológicas más frecuentes de pacientes con Lupus Eritematoso Sistémico atendidos en el Laboratorio de Alta Complejidad Misiones de Posadas, en los años 2017 y 2018",Trabajo de Investigacion,Cualitativo,Curso de vida,2020
Florencia Ahumada,Demora a la consulta con el Reumatólogo Infantil en Lupus Eritematoso Sistémico (LESj) y Artritis Idiopática Juvenil (AIJ): Diagnóstico de situación en latinoamérica.,Trabajo de Investigacion,Cuantitativo,Organización del Sistema Sanitario,2020
Ezequiel Villalba,"Conocimientos que poseen los adolescentes sobre las enfermedades de transmisión sexual (HIV-SIDA,HPV y Sífilis) en el año 2020.",Tesis,Cualitativo,Políticas y Servicios,2020
Donovan Ariel Rivero,"PTEN, un potencial biomarcador en la susceptibilidad al desarrollo de cáncer en pacientes diabéticos",Trabajo de Investigacion,Cualitativo,Curso de vida,2020
Silvia Lorena Reina,Desarrollo de una herramienta informática destinada al triage primario en la provincia de Misiones,Trabajo de Investigacion,Cuanti/cuali,Políticas y Servicios,2020
Silvina Hanke,Genotipificación de serotipos del virus Dengue en pacientes de la región norte de Misiones y factores clínicos epidemiológicos asociados. Período 2018- 2020,Trabajo de Investigacion,Cualitativo,Enfermedades transmisibles,2020
Dara Zarina Unizony,"Estudio de la frecuencia del control prenatal, edad gestacional al momento del primer control y complicaciones materno neonatales relacionadas, en mujeres atendidas en el Hospital Materno Neonatal de la ciudad Posadas - Misiones en el año 2019. Diseño descriptivo transversal",Tesis,Cuantitativo,Políticas y Servicios,2020
María Isis Mendoza,Embarazo reincidente y factores de alerta en adolescentes del Hospital Materno Neonatal de Posadas – Misiones en el año 2019: estudio descriptivo.,Tesis,Cualitativo,Políticas y Servicios,2020
Yaquelin Weber,La incorporación de los padres en trabajo de parto y parto en el Hospital Materno Neonatal en Posadas Misiones,Tesis,Cualitativo,Políticas y Servicios,2020
Maria Luz Vallejos,"Estudio de eficacia y seguridad para evaluar el uso de Ivermectina, en la profilaxis de la enfermedad COVID-19 en trabajadores sanitarios de la Provincia de Misiones",Trabajo de Investigacion,Cuantitativo,Enfermedades transmisibles,2020
Recalde Gabriela Belén,"El Plan Estratégico 2016-2020 de la Secretaría de Deportes, Educación Física y Recreación de la Presidencia de la Nación Argentina y su alcance a las Federaciones e Instituciones Deportivas en relación al Rugby masculino y al Hockey femenino en la ciudad de Posadas
",Tesis,Cualitativo,Políticas y Servicios,2020
Gladys bell,Resistencia antimicrobiana en infecciones intrabdominales de etiología aeróbica en el laboratorio central de alta complejidad de Posadas Misiones desde 2017 a 2019,Tesis,Cuanti/cuali,Enfermedades transmisibles,2020
Natalia Velazquez,"Biología Molecular en el Banco de Sangre, Tejidos y Biológicos de la Provincia de Misiones para el tamizaje de HIV, HCV y HBV entre  2015 y 2019: Prevalencia y Riesgo Residual",Tesis,Cuantitativo,Enfermedades transmisibles,2020
Sergio Viudes,"Procesos de Gobernanza y organización de servicios de salud en el primer nivel de atención del sector público, Posadas, Provincia de Misiones, Argentina. Estudio de casos múltiples",Trabajo de Investigacion,Cualitativo,Organización del Sistema Sanitario,2020
Pablo Levatte,Comunicación del diagnóstico de sindrome de Down,Tesis,Cualitativo,ECNT,2020
Viviana Alejandra Ramírez Silvero.,Desarrollo de una herramienta informática destinada al triage primario en la provincia de Misiones,Trabajo de Investigacion,Cuanti/cuali,Políticas y Servicios,2020
Garcia Carisimo I. Valentina,"Evaluación del diagnóstico, tratamiento y seguimiento de la enfermedad de Chagas en madres y niños nacidos en el Hospital Materno Neonatal durante el año 2017",Tesis,Cuanti/cuali,Políticas y Servicios,2020
Cecilia E. Aguirre,"Genómica de los virus SARS-CoV-2 productores de COVID-19 en Argentina. Análisis integral de aspectos genéticos, clínicos y evolutivos de cepas autóctonas y su impacto en el diagnóstico y la epidemiología local y global",Trabajo de Investigacion,Cuanti/cuali,Enfermedades transmisibles,2020
Lucía Genzone,Prácticas de atención y políticas sanitarias en torno a la Diabetes en Posadas (Misiones).,Tesis Doctoral,Cuanti/cuali,Políticas y Servicios,2020
Ruiz Díaz Florencia Andrea. Ferreyra Do Santos Mirta Isabel.  Tabarez Marisa,Factores de riesgo materno que desencadenan el parto de un recién nacido vivo prematuro moderado o tardío,Tesis,Cuanti/cuali,Políticas y Servicios,2020
Valeria Acuña,El comportamiento de la Presión Arterial en mujeres que padecen Hipertensión Arterial y participan en  actividades Acuáticas Terapéuticas en el Centro Acuático San Isidro de la ciudad de Posadas,Tesis,Cuanti/cuali,Curso de vida,2020
Marcela Ulanowicz,"Actividad Física y Conducta Sedentaria en trabajadores de la salud de la ciudad de Puerto Rico, provincia de Misiones.",Tesis Maestria,Cualitativo,Organización del Sistema Sanitario,2020
Rene Birck,Cuidados de enfermeria en pacientes con ventilacion mecanica para prevenir las neumonias asociadas al respirador,Tesis,Cualitativo,Organización del Sistema Sanitario,2020
Danila del Rosario Romero,La atención psicoafectiva que le brindan los profesionales del Hospital Materno Neonatal de Posadas Misiones a las madres con diagnóstico de muerte intrauterina durante julio del 2017 a julio del 2018.,Tesis,Cualitativo,Políticas y Servicios,2019
Ángeles Paz Berón,"Preparación integral para la Maternidad: experiencias de madres adolescentes y sus acompañantes, atendidos en el Hospital Materno Neonatal de Misiones, Año 2017.",Tesis,Cualitativo,Políticas y Servicios,2019
Benítez Romina Mariel / Müller Jorge René,"CUIDADOS QUE BRINDA EL PERSONAL DE ENFERMERÍA A LAS GESTANTES CON PREECLAMPSIA HOSPITALIZADAS, SERVICIO DE OBSTETRICIA DEL HOSPITAL PÚBLICO NIVEL III. DICIEMBRE 2018",Tesis,Cualitativo,Políticas y Servicios,2019
Vanessa Dayana Rivelli,Acompañamiento a las mujeres embarazadas durante el trabajo de parto y parto en el Hospital Materno Neonatal de la cuidad de Posadas AÑO 2018.,Tesis,Cualitativo,Políticas y Servicios,2019
Martha von specht,StaphNET Sudamérica: Red de Vigilancia genómica de Staphylococcus aureus en Sudamérica,Trabajo de Investigacion,Cuanti/cuali,Políticas y Servicios,2019
Marcos Miretti,Monitoreo en tiempo real de la presencia de arbovirus en mosquitos adultos de la ciudad de Posadas,Trabajo de Investigacion,Cualitativo,Enfermedades transmisibles,2019
Diana Duarte,Implementacion de los lineamientos de la ley del Parto Respetado por parte de los enfermeros asistenciales que se desempeñan en las salas de UTPR del HMN Posadas Misiones   2019,Tesis,Cualitativo,Políticas y Servicios,2019
Nadia Eliana Fernández,"Determinantes que Influyen en la Aplicación de Medidas de Bioseguridad y en la Ocurrencia de Accidentes, en los estudiantes de enfermería de segundo y tercer año de la Ocurrencia de Accidentes, en los  de enfermería de segundo y tercer año de la",Tesis,Cualitativo,Políticas y Servicios,2019
Gabriela Reyna/Nilda Perovic,"Estudio con panel multigénico para la búsqueda de variantes genéticas de riesgo en Cáncer de Mama/Cáncer de Ovario familiar en población Argentina desde el ámbito de la Salud Pública:""Estudio con panel multigénico para la búsqueda de variantes genéticas de riesgo en Cáncer de Mama/Cáncer de Ovario familiar en población Argentina desde el ámbito de la Salud Pública:Estudio colaborativo. Centro Nacional de Genética Médica, Plataforma Genómica Dr. Carlos G Malbrán, ANLIS, Ministerio de Salud y Desarrollo Social-Instituto de Genética Humana, Parque de la Salud de la provincia de Misiones ""Dr. Ramón Madariaga""",Trabajo de Investigacion,Cuanti/cuali,ECNT,2019
Camila Marisil Briñocoli,Determinantes Sociales de la muerte y su distribución en la provincia de Misiones durante los años 2013-2017.,Tesis,Cualitativo,Políticas y Servicios,2019
"Acuña, Andrea","La frecuencia del control prenatal como factor de riesgo en los nacidos con bajo peso de la embarazadas adolescentes asitidas durante el parto en el hopital materno neonatal, en la ciudad de Posadas Misiones.",Tesis,Cuantitativo,Políticas y Servicios,2019
Marcela Ulanowicz,"Prevalencia de Diabetes Mellitus en aborígenes adultos del departamento Libertador General San Martin, provincia de",Trabajo de Investigacion,Cuantitativo,ECNT,2019
"Rene Jorge Muller, Benítez Romina Mariel","CUIDADOS QUE BRINDA EL PERSONAL DE ENFERMERÍA A LAS ESTANTES CON PREECLAMPSIA HOSPITALIZADAS, SERVICIO DE OBSTETRICIA DEL HOSPITAL PÚBLICO NIVEL III. DICIEMBRE 2018-FEBRERO 2019",Tesis,Cualitativo,Organización del Sistema Sanitario,2019
Ricardo Javier Ferreyra,Las emergencias y urgencias desde la subjetividad de la población concurrente a los servicios de atención primaria de la salud. Estudio antropológico en un Centro de Atención Primaria de la Salud de la ciudad de Posadas durante 2019.,Trabajo de Investigacion,Cualitativo,Organización del Sistema Sanitario,2019
"Enf. Rodríguez, Mariela Mabel. - Enf. Vallejos, María Florencia.","Grado de conocimiento sobre prácticas de prevención de bronquiolitis que tienen los padres de familia de los niños menores de 2 años que ingresan al servicio de clínica 2 de un Hospital público de la ciudad de Posadas, Misiones, mayo-junio 2018",Tesis,Cualitativo,Organización del Sistema Sanitario,2019
Micaela Marini,"Parto de mujeres mbya guaraní: Experiencias en Hospitales públicos y aldea en San Ignacio Misiones,",Tesis,Cualitativo,Organización del Sistema Sanitario,2019
Treicy Johanna Schmidt,"Biodisponibilidad del Mg y su interacción con los polifenoles de la yerba mate y su capacidad antioxidante. Potencialidad para el diseño de un alimento funcional,",Trabajo de Investigacion,Cuantitativo,Políticas y Servicios,2019
Viviana Engelmann,Incidencia y prevalencia de melanoma cutáneo: estudio retrospectivo de 10 años en el centro de salud de mayor complejidad de la Provincia de Misiones,Trabajo de Investigacion,Cuanti/cuali,ECNT,2019
Sunilda Dikoski,"ACCIONES QUE REALIZAN LOS PROFESIONALES DE ENFERMERÍA, Y LOS CONOCIMIENTOS QUE TIENEN SOBRE EL PUERPERIO INMEDIATO DE PARTO VAGINAL, LOS CUALES TRABAJAN EN UN HOSPITAL PÚBLICO DE LA CIUDAD DE POSADAS; MISIONES EN EL AÑO 2019",Tesis,Cualitativo,Organización del Sistema Sanitario,2019
Julio Baez,"Saberes, conductas y motivación para el cambio sobre factores de riesgo de enfermedades cardiovasculares en grupos específicos. Estudio de caso.",Trabajo de Investigacion,Cualitativo,Curso de vida,2019
Alejandra Patricia Zusser Rovira,Factores de Riesgo en mujeres con Cáncer de Ovario en el Hospital Escuela de Agudos Dr. Ramón Madariaga y Hospital SAMIC de Eldorado entre los años 2014 y 2019.,Trabajo de Investigacion,Cuanti/cuali,ECNT,2019
Ignacio Rockenbach,"Diferencias entre las técnicas de neurodinamia y electroestimulación nerviosa transcutánea en el tratamiento de lumbalgias, en el Hospital Escuela de Agudos Dr. Ramon Madariaga de Posadas Misiones, en el periodo Abril-Mayo 2019.",Tesis,Cualitativo,Organización del Sistema Sanitario,2019
Rodrigo Bogado,"Estudio con panel multigénico para la búsqueda de variantes genéticas de riesgo en Cáncer de Mama/Cáncer de Ovario familiar en población Argentina desde el ámbito de la Salud Pública:""Estudio con panel multigénico para la búsqueda de variantes genéticas de riesgo en Cáncer de Mama/Cáncer de Ovario familiar en población Argentina desde el ámbito de la Salud Pública:Estudio colaborativo. Centro Nacional de Genética Médica, Plataforma Genómica Dr. Carlos G Malbrán, ANLIS, Ministerio de Salud y Desarrollo Social-Instituto de Genética Humana, Parque de la Salud de la provincia de Misiones ""Dr. Ramón Madariaga""",Trabajo de Investigacion,Cuanti/cuali,ECNT,2019
Daiana Mencia,Características de la relación del enfermero con el binomio madre-hijo en una UCI de una institución pública de pediatría,Trabajo de Investigacion,Cualitativo,Curso de vida,2019
Romina Alzugaray,"Prueba de Ventilación Espontanea con valores de Pimax, Pemax y Pico Flujo Tosido como índices predictivos en el fallo de destete en pacientes de la Unidad de Terapia Intensiva del H. E. Ramon Madariaga durante los meses de abril a junio del 2019.",Tesis,Cuanti/cuali,Políticas y Servicios,2019
Alicia Molina,"Utilizacion del Decubito Prono como maniobra de reclutamiento alveolar en las modificacionesde la PaO2/fiO2 la mortalidad y el numero de dias de ventilacion mecanica en pacientes adultos en el Hospital Escuela de Agudos Dr, Ramon Madariaga, en el periodo febrero 2018- febrero 2019 en la ciudad de Posadas Misiones.",Tesis,Cualitativo,Curso de vida,2019
Daiana Ramirez,UTILIZACIÓN DE TERAPIA COMPRESIVA EN QUEMADURAS.,Tesis,Cualitativo,Curso de vida,2019
Francisco Maraude,Practicas y estrategias de del equipo de salud  de cuidados paleativos del Hopital Escuela de Agudos Dr. Ramon Madariaga.,Trabajo de Investigacion,Cualitativo,Organización del Sistema Sanitario,2019
Gisela Pros,Conocimiento de los enfermeros de la guardia de emergencias de un hospital público materno de la ciudad de Posadas Misiones sobre el proceso y aplicación del triage obstétrico como herramienta obstétrica para Priorizar la atención en el año 2019,Tesis,Cualitativo,Organización del Sistema Sanitario,2019
"Jennifer Zimmermann
",Creación de las Guías Alimentarias para la población Mbyá-Guaraní (GAP-Mbyá) de la Provincia de Misiones. 2017 / 2019,Trabajo de Investigacion,Cualitativo,Organización del Sistema Sanitario,2019
Natalia Gomenuka,PROPUESTA MULTICÉTRICA DE VALORES DE REFERENCIA PARA NORMALIDAD DE PARÁMETROS ESPACIO TEMPORALES Y FUNCIONALES DE LA CAMINATA EN MUESTRA DE BASE POBLACIONAL INTERNACIONAL DE  ÓVENES Y ADULTOS,Trabajo de Investigacion,Cuantitativo,Políticas y Servicios,2019
Luis Pablo Torres Rivas,DOSIS BAJAS DE MORFINA EN BLOQUEOS CAUDALES Y SUS EFECTOS CLINICOS EN PACIENTES PEDIATRICOS,Trabajo de Investigacion,Cuantitativo,Políticas y Servicios,2019
Federico Andrés Maj,Aplicación de los principios de mecánica corporal,Tesis,Cualitativo,Curso de vida,2019
Hermelinda Gomez,Medidas de proteccion durante la atencion de sujetos de cuidado con Tuberculosis. HEARM.2019,Tesis,Cualitativo,Enfermedades transmisibles,2019
Gustavo Silva,ESTUDIO DE IMPLEMENTACIÓN DE TÉCNICAS DE PCR EN TIEMPO REAL PARA EL DIAGNÓSTICO DE LA INFECCIÓN CONGÉNITA POR TRYPANOSOMA CRUZI,Trabajo de Investigacion,Cualitativo,Enfermedades transmisibles,2019
Pereira Fátima Mariana.,"TIEMPO TRANSCURRIDO ENTRE EL DIAGNÓSTICO Y EL TRATAMIENTO DE LA SÍFILIS MATERNA Y SUS CONSECUENCIAS EN EL RECIÉN NACIDO.





",Tesis,Cuantitativo,Enfermedades transmisibles,2019
Melissa Klusener,Reconocimiento de las conductas higiénico-dietéticas como medidas de prevención de la infección por el parásito Toxoplasma gondii en puérperas del Hospital Materno Neonatal de la provincia de Misiones.,Tesis,Cualitativo,Enfermedades transmisibles,2019
Fernando Bobadilla,PROPIEDADES ANTIMICROBIANAS DE EXTRACTOS DE Ilex paraguariensis St. Hil. (YERBA MATE) SOBRE BACTERIAS PORTADORAS DE MECANISMOS DE RESISTENCIA A ANTIBIÓTICOS.,Trabajo de Investigacion,Cuanti/cuali,Enfermedades transmisibles,2019
Cristina Ysabel cuba,"El rol de enfermería en el equipo interdisciplinario de salud que trabaja en el sector de internación de un hospital público de la ciudad de Posadas, Misiones, año 2019",Tesis,Cualitativo,Políticas y Servicios,2019
Alfonsina Cantore,"Cuidados terapéuticos en el proceso de embarazo, parto y nacimiento en mujeres mbyá guaraní al norte de Misiones.
",Trabajo de Investigacion,Cualitativo,Organización del Sistema Sanitario,2019
Cinthia Ferreyra,Epidemiología de la Ventilación Mecánica en Argentina. Estudio Multicéntrico EpVAr.,Trabajo de Investigacion,Cuantitativo,Políticas y Servicios,2019
Maria Mercedes. Martinez,"Erucismo: Epidemilogía, Diseño de Vigilancia & Control de Lepidópteros de",Trabajo de Investigacion,Cuantitativo,Políticas y Servicios,2019
Keren Caudullo,"Importancia Médica en San Ignacio, Misiones.",Tesis,Cualitativo,Políticas y Servicios,2019
Carola Cheroki,Uso de datos biométricos como marcador genético del perfil deportivo de competición,Trabajo de Investigacion,Cuantitativo,Políticas y Servicios,2019
Silvana Gabriela Díaz,"Caries de la Infancia Temprana y su relación con factores socio económicos y culturales en el Centro de Salud.

Barrio Koch, Eldorado, Misiones.",Trabajo de Investigacion,Cuanti/cuali,Políticas y Servicios,2019
Pedro Andres Villalba Apestegui,Impacto de las Readmisiones No Programadas por Infecciones Asociadas a Cuidados de la Salud,Trabajo de Investigacion,Cualitativo,Organización del Sistema Sanitario,2019
Camila Sol Amarilla,CONSUMO DE SUSTANCIAS PSICOACTIVAS Y PROBLEMAS ASOCIADOS EN EMBARAZADAS ATENDIDAS EN EL HOSPITAL MATERNO NEONATAL DE LA CIUDAD DE POSADAS EN EL AÑO 2019.,Tesis,Cualitativo,Organización del Sistema Sanitario,2019
Richter Marili Victoria / Rubidarte Marcia María Belén.,"SINDROME DE BORNOUT EN EL PERSONAL DE ENFERMERIA DE SERVICIO DE CUIDADOS PROGRESIVOS DE UN HOSPITAL PUBLICO DE LA CIUDADAD DE POSADAS, MISIONES, AÑO 2019",Tesis,Cualitativo,Organización del Sistema Sanitario,2019
Susana Beatriz Pavón,"PERCEPCION QUE POSEEN LAS MADRES DURANTE EL PROCESO DE TRABAJO DE PARTO, PARTO Y POSPARTO, CON RESPECTO AL ART. 2 DE LA LEY N° 25.929 Y SU INFLUENCIA EN EL EJERCICIO DE LA MISMA PARA TENER  UN PARTO RESPETADO. HOSPITAL MATERNO NEONATAL. CIUDAD DE
POSADAS",Tesis,Cualitativo,Organización del Sistema Sanitario,2019
Maria Harmitton Oliveto,"Proyecto ""La voz de la usuaria"";  Relevamiento de la satisfacción de las usuarias de las maternidades CONE de 5 provincias del norte argentino: Chaco, Corrientes, Jujuy, Salta y Misiones",Trabajo de Investigacion,Cualitativo,Organización del Sistema Sanitario,2019
"Florentin, Sabrina R.",Análisis retrospectivo de Trombofilias en pacientes que asistieron a un laboratorio de la Provincia de Misiones.,Tesis,Cualitativo,ECNT,2019
Laura Anger,"Modelos de construcción socio - cultural de la infancia: la niñez imaginada en la contemporaneidad, patologización de las diferencias, prácticas orientadoras de crianza y educación. Posadas - Misiones. Argentina",Trabajo de Investigacion,Cualitativo,Políticas y Servicios,2019
Barboza María Leonarda.,Conocimiento que poseen los pacientes en el sector de internación de un hospital público de la ciudad de Posadas acerca de la Diabetes Gestacional,Tesis,Cualitativo,Políticas y Servicios,2019
Mariana Rolon Zandegiacomo,PROBLEMÁTICA DE PESQUISA DE CANCER DE COLON Y SU SEGUIMIENTO DEL ADULTO MAYOR EN APS,Trabajo de Investigacion,Cualitativo,Políticas y Servicios,2019
Silvana Gabriela Díaz,"Caries de la Infancia Temprana y su relación con factores socio económicos y culturales en el Centro de Salud Barrio Koch, Eldorado, Misiones.
Estudio multidisciplinario de infecciones por arbovirus: contribución al diagnóstico, caracterización y pronóstico del paciente infectado en la Provincia de Misiones.
CARACTERÍSTICAS EPIDEMIOLÓGICAS DE LAS INFECCIONES POR Staphylococcus spp EN UN SERVICIO DE NEONATOLOGIA DE
ÁCIDOS BILIARES Y TRANSAMINASAS SÉRICAS COMO PREDICTORES DE COMPLICACIONES FETALES EN GESTANTES CON COLESTASIS INTRAHEPATICA QUE ACUDIERON AL LABORATORIO DE ALTA COMPLEJIDAD DE MISIONES DURANTE EL PERIODO DE FEBRERO 2017 A FEBRERO 2019 .
Cuidados que aplican los enfermeros del Servicio de Cirugía Plástica y Reconstructiva en sujetos de atención con quemaduras que cursan internación en un Hospital Público de la cuidad de Posadas Misiones en el mes de enero del año 2019",Trabajo de Investigacion,Cuanti/cuali,Organización del Sistema Sanitario,2019
Sonia Espíndola,"
Frecuencia de Lupus Eritematoso Sistémico en población adulta que fue atendida en el Hospital Escuela de Agudos Dr. Ramón Madariaga, de la ciudad de Posadas, Misiones en el período comprendido 2013-2018
ANÁLISIS DEL ACCESO A LOS SERVICIOS DE SALUD QUE IMPLEMENTAN EL  PROTOCOLO DE INTERRUPCIÓN  LEGAL DEL EMBARAZO EN CINCO JURISDICCIONES SELECCIONADAS
tres trabajos de nutricon
.
Alimentación y Estado Nutricional en bebés de 0 a 18 meses con Fisura Labio Alveolo Palatina que acuden al área de odontología del Hospital Materno Neonatal de la Ciudad de Posadas
Significaciones del Cuerpo en personas con Trastornos de Conducta Alimentaria (TCA). Una aproximación antropológica en el sistema de atención pública de la salud.
El Síndrome de Burnout en profesionales de la salud y su relación con la percepción de autoeficacia Estudio de una unidad hospitalaria de la ciudad de Posadas
Análisis retrospectivo de Trombofilias en pacientes que asistieron a un laboratorio de la Provincia de Misiones""",Trabajo de Investigacion,Cuantitativo,Curso de vida,2019
Cintia Domerask,CARACTERÍSTICAS EPIDEMIOLÓGICAS DE LAS INFECCIONES POR Staphylococcus spp EN UN SERVICIO DE NEONATOLOGIA DE,Trabajo de Investigacion,Cuanti/cuali,Enfermedades transmisibles,2019
Mariana Desireé Villalba Rinck Hansen,ÁCIDOS BILIARES Y TRANSAMINASAS SÉRICAS COMO PREDICTORES DE COMPLICACIONES FETALES EN GESTANTES CON COLESTASIS INTRAHEPATICA QUE ACUDIERON AL LABORATORIO DE ALTA COMPLEJIDAD DE MISIONES DURANTE EL PERIODO DE FEBRERO 2017 A FEBRERO 2019 .,Trabajo de Investigacion,Cuantitativo,Organización del Sistema Sanitario,2019
Manuela Ibarra,"Cuidados que aplican los enfermeros del Servicio de Cirugía Plástica y Reconstructiva en sujetos de atención con quemaduras que cursan internación en un Hospital Público de la cuidad de Posadas Misiones en el mes de enero del año 2019
",Tesis,Cualitativo,Organización del Sistema Sanitario,2019
Angeles Isidro,"Frecuencia de Lupus Eritematoso Sistémico en población adulta que fue atendida en el Hospital Escuela de Agudos Dr. Ramón Madariaga, de la ciudad de Posadas, Misiones en el período comprendido 2013-2018",Trabajo de Investigacion,Cuanti/cuali,ECNT,2019
Maria cristina fleitas,ANÁLISIS DEL ACCESO A LOS SERVICIOS DE SALUD QUE IMPLEMENTAN EL  PROTOCOLO DE INTERRUPCIÓN  LEGAL DEL EMBARAZO EN CINCO JURISDICCIONES SELECCIONADAS,Trabajo de Investigacion,Cualitativo,ECNT,2019
Melany roitbourd,Alimentación y Estado Nutricional en bebés de 0 a 18 meses con Fisura Labio Alveolo Palatina que acuden al área de odontología del Hospital Materno Neonatal de la Ciudad de Posadas,Tesis,Cuanti/cuali,Políticas y Servicios,2019
Ingrid Bojaryn,Significaciones del Cuerpo en personas con Trastornos de Conducta Alimentaria (TCA). Una aproximación antropológica en el sistema de atención pública de la salud.,Tesis,Cualitativo,ECNT,2019
Mathias Nuñez,El Síndrome de Burnout en profesionales de la salud y su relación con la percepción de autoeficacia Estudio de una unidad hospitalaria de la ciudad de Posadas,Tesis,Cualitativo,ECNT,2019
Sabrina R.F,"""Análisis retrospectivo de Trombofilias en pacientes que asistieron a un laboratorio de la Provincia de Misiones""",Tesis,Cuanti/cuali,Curso de vida,2019
